Region,Fagutdanning,Year,Predicted_Workforce
K.0301 Oslo,Helsefagarbeider,2023,2828.2763729750877
K.0301 Oslo,Helsefagarbeider,2024,3010.8218095614575
K.0301 Oslo,Helsefagarbeider,2025,3193.367246147769
K.0301 Oslo,Helsefagarbeider,2026,3375.9126827340806
K.0301 Oslo,Helsefagarbeider,2027,3558.458119320392
K.0301 Oslo,Helsefagarbeider,2028,3741.003555906762
K.0301 Oslo,Helsefagarbeider,2029,3923.5489924930735
K.0301 Oslo,Helsefagarbeider,2030,4106.094429079385
K.0301 Oslo,Helsefagarbeider,2031,4288.639865665755
K.0301 Oslo,Helsefagarbeider,2032,4471.185302252066
K.0301 Oslo,Helsefagarbeider,2033,4653.730738838378
K.0301 Oslo,Helsefagarbeider,2034,4836.276175424748
K.0301 Oslo,Helsefagarbeider,2035,5018.821612011059
K.0301 Oslo,Lege,2023,5325.206242591899
K.0301 Oslo,Lege,2024,5427.348083761375
K.0301 Oslo,Lege,2025,5529.48992493088
K.0301 Oslo,Lege,2026,5631.631766100385
K.0301 Oslo,Lege,2027,5733.77360726989
K.0301 Oslo,Lege,2028,5835.915448439395
K.0301 Oslo,Lege,2029,5938.057289608871
K.0301 Oslo,Lege,2030,6040.199130778376
K.0301 Oslo,Lege,2031,6142.3409719478805
K.0301 Oslo,Lege,2032,6244.482813117385
K.0301 Oslo,Lege,2033,6346.624654286861
K.0301 Oslo,Lege,2034,6448.766495456366
K.0301 Oslo,Lege,2035,6550.908336625871
K.0301 Oslo,Omsorgsarbeider,2023,250.19438956934027
K.0301 Oslo,Omsorgsarbeider,2024,237.2821019359908
K.0301 Oslo,Omsorgsarbeider,2025,224.36981430264495
K.0301 Oslo,Omsorgsarbeider,2026,211.4575266692991
K.0301 Oslo,Omsorgsarbeider,2027,198.54523903595327
K.0301 Oslo,Omsorgsarbeider,2028,185.63295140260743
K.0301 Oslo,Omsorgsarbeider,2029,172.7206637692616
K.0301 Oslo,Omsorgsarbeider,2030,159.8083761359121
K.0301 Oslo,Omsorgsarbeider,2031,146.89608850256627
K.0301 Oslo,Omsorgsarbeider,2032,133.98380086922043
K.0301 Oslo,Omsorgsarbeider,2033,121.07151323587459
K.0301 Oslo,Omsorgsarbeider,2034,108.15922560252875
K.0301 Oslo,Omsorgsarbeider,2035,95.24693796917927
K.0301 Oslo,Sykepleier,2023,12965.900434610783
K.0301 Oslo,Sykepleier,2024,13142.245752666902
K.0301 Oslo,Sykepleier,2025,13318.591070723021
K.0301 Oslo,Sykepleier,2026,13494.93638877914
K.0301 Oslo,Sykepleier,2027,13671.281706835201
K.0301 Oslo,Sykepleier,2028,13847.62702489132
K.0301 Oslo,Sykepleier,2029,14023.97234294744
K.0301 Oslo,Sykepleier,2030,14200.317661003559
K.0301 Oslo,Sykepleier,2031,14376.66297905962
K.0301 Oslo,Sykepleier,2032,14553.008297115739
K.0301 Oslo,Sykepleier,2033,14729.353615171858
K.0301 Oslo,Sykepleier,2034,14905.698933227977
K.0301 Oslo,Sykepleier,2035,15082.044251284038
K.1103 Stavanger,Helsefagarbeider,2023,1087.3065981825348
K.1103 Stavanger,Helsefagarbeider,2024,1137.6400632161094
K.1103 Stavanger,Helsefagarbeider,2025,1187.9735282496986
K.1103 Stavanger,Helsefagarbeider,2026,1238.3069932832732
K.1103 Stavanger,Helsefagarbeider,2027,1288.6404583168624
K.1103 Stavanger,Helsefagarbeider,2028,1338.9739233504515
K.1103 Stavanger,Helsefagarbeider,2029,1389.3073883840261
K.1103 Stavanger,Helsefagarbeider,2030,1439.6408534176153
K.1103 Stavanger,Helsefagarbeider,2031,1489.9743184512045
K.1103 Stavanger,Helsefagarbeider,2032,1540.307783484779
K.1103 Stavanger,Helsefagarbeider,2033,1590.6412485183682
K.1103 Stavanger,Helsefagarbeider,2034,1640.9747135519428
K.1103 Stavanger,Helsefagarbeider,2035,1691.308178585532
K.1103 Stavanger,Lege,2023,1286.7210588700254
K.1103 Stavanger,Lege,2024,1321.1805610430747
K.1103 Stavanger,Lege,2025,1355.640063216124
K.1103 Stavanger,Lege,2026,1390.0995653891878
K.1103 Stavanger,Lege,2027,1424.559067562237
K.1103 Stavanger,Lege,2028,1459.0185697352863
K.1103 Stavanger,Lege,2029,1493.47807190835
K.1103 Stavanger,Lege,2030,1527.9375740813994
K.1103 Stavanger,Lege,2031,1562.3970762544486
K.1103 Stavanger,Lege,2032,1596.8565784275124
K.1103 Stavanger,Lege,2033,1631.3160806005617
K.1103 Stavanger,Lege,2034,1665.775582773611
K.1103 Stavanger,Lege,2035,1700.2350849466748
K.1103 Stavanger,Omsorgsarbeider,2023,108.81153694191744
K.1103 Stavanger,Omsorgsarbeider,2024,87.25088897669048
K.1103 Stavanger,Omsorgsarbeider,2025,65.69024101145624
K.1103 Stavanger,Omsorgsarbeider,2026,44.129593046229274
K.1103 Stavanger,Omsorgsarbeider,2027,22.568945080995036
K.1103 Stavanger,Omsorgsarbeider,2028,1.0082971157680731
K.1103 Stavanger,Omsorgsarbeider,2029,-20.552350849466166
K.1103 Stavanger,Omsorgsarbeider,2030,-42.112998814700404
K.1103 Stavanger,Omsorgsarbeider,2031,-63.67364677992737
K.1103 Stavanger,Omsorgsarbeider,2032,-85.2342947451616
K.1103 Stavanger,Omsorgsarbeider,2033,-106.79494271038857
K.1103 Stavanger,Omsorgsarbeider,2034,-128.3555906756228
K.1103 Stavanger,Omsorgsarbeider,2035,-149.91623864085705
K.1103 Stavanger,Sykepleier,2023,3605.8447254049825
K.1103 Stavanger,Sykepleier,2024,3669.835638087723
K.1103 Stavanger,Sykepleier,2025,3733.826550770449
K.1103 Stavanger,Sykepleier,2026,3797.8174634531897
K.1103 Stavanger,Sykepleier,2027,3861.8083761359158
K.1103 Stavanger,Sykepleier,2028,3925.7992888186564
K.1103 Stavanger,Sykepleier,2029,3989.7902015013824
K.1103 Stavanger,Sykepleier,2030,4053.781114184123
K.1103 Stavanger,Sykepleier,2031,4117.772026866864
K.1103 Stavanger,Sykepleier,2032,4181.76293954959
K.1103 Stavanger,Sykepleier,2033,4245.75385223233
K.1103 Stavanger,Sykepleier,2034,4309.744764915056
K.1103 Stavanger,Sykepleier,2035,4373.735677597797
K.1106 Haugesund,Helsefagarbeider,2023,281.3148952983029
K.1106 Haugesund,Helsefagarbeider,2024,301.78625049387483
K.1106 Haugesund,Helsefagarbeider,2025,322.25760568945407
K.1106 Haugesund,Helsefagarbeider,2026,342.728960885026
K.1106 Haugesund,Helsefagarbeider,2027,363.20031608060526
K.1106 Haugesund,Helsefagarbeider,2028,383.6716712761772
K.1106 Haugesund,Helsefagarbeider,2029,404.1430264717492
K.1106 Haugesund,Helsefagarbeider,2030,424.6143816673284
K.1106 Haugesund,Helsefagarbeider,2031,445.0857368629004
K.1106 Haugesund,Helsefagarbeider,2032,465.5570920584796
K.1106 Haugesund,Helsefagarbeider,2033,486.02844725405157
K.1106 Haugesund,Helsefagarbeider,2034,506.49980244962353
K.1106 Haugesund,Helsefagarbeider,2035,526.9711576452028
K.1106 Haugesund,Lege,2023,408.05807981035287
K.1106 Haugesund,Lege,2024,415.52331094429246
K.1106 Haugesund,Lege,2025,422.98854207823206
K.1106 Haugesund,Lege,2026,430.45377321216984
K.1106 Haugesund,Lege,2027,437.91900434610943
K.1106 Haugesund,Lege,2028,445.384235480049
K.1106 Haugesund,Lege,2029,452.8494666139886
K.1106 Haugesund,Lege,2030,460.3146977479264
K.1106 Haugesund,Lege,2031,467.779928881866
K.1106 Haugesund,Lege,2032,475.2451600158056
K.1106 Haugesund,Lege,2033,482.7103911497452
K.1106 Haugesund,Lege,2034,490.17562228368297
K.1106 Haugesund,Lege,2035,497.64085341762257
K.1106 Haugesund,Omsorgsarbeider,2023,73.8538127222455
K.1106 Haugesund,Omsorgsarbeider,2024,64.51955748715773
K.1106 Haugesund,Omsorgsarbeider,2025,55.1853022520736
K.1106 Haugesund,Omsorgsarbeider,2026,45.85104701698947
K.1106 Haugesund,Omsorgsarbeider,2027,36.51679178190534
K.1106 Haugesund,Omsorgsarbeider,2028,27.18253654682121
K.1106 Haugesund,Omsorgsarbeider,2029,17.848281311733444
K.1106 Haugesund,Omsorgsarbeider,2030,8.514026076649316
K.1106 Haugesund,Omsorgsarbeider,2031,-0.8202291584348131
K.1106 Haugesund,Omsorgsarbeider,2032,-10.154484393518942
K.1106 Haugesund,Omsorgsarbeider,2033,-19.48873962860671
K.1106 Haugesund,Omsorgsarbeider,2034,-28.822994863690838
K.1106 Haugesund,Omsorgsarbeider,2035,-38.157250098774966
K.1106 Haugesund,Sykepleier,2023,1475.8549980245007
K.1106 Haugesund,Sykepleier,2024,1500.3261556697034
K.1106 Haugesund,Sykepleier,2025,1524.797313314899
K.1106 Haugesund,Sykepleier,2026,1549.2684709601017
K.1106 Haugesund,Sykepleier,2027,1573.7396286052972
K.1106 Haugesund,Sykepleier,2028,1598.2107862505
K.1106 Haugesund,Sykepleier,2029,1622.6819438956954
K.1106 Haugesund,Sykepleier,2030,1647.1531015408982
K.1106 Haugesund,Sykepleier,2031,1671.624259186101
K.1106 Haugesund,Sykepleier,2032,1696.0954168312965
K.1106 Haugesund,Sykepleier,2033,1720.5665744764992
K.1106 Haugesund,Sykepleier,2034,1745.0377321216947
K.1106 Haugesund,Sykepleier,2035,1769.5088897668975
K.1506 Molde,Helsefagarbeider,2023,265.5246937969205
K.1506 Molde,Helsefagarbeider,2024,280.0541288028471
K.1506 Molde,Helsefagarbeider,2025,294.58356380877376
K.1506 Molde,Helsefagarbeider,2026,309.1129988147004
K.1506 Molde,Helsefagarbeider,2027,323.64243382062705
K.1506 Molde,Helsefagarbeider,2028,338.1718688265537
K.1506 Molde,Helsefagarbeider,2029,352.70130383248033
K.1506 Molde,Helsefagarbeider,2030,367.230738838407
K.1506 Molde,Helsefagarbeider,2031,381.7601738443336
K.1506 Molde,Helsefagarbeider,2032,396.28960885026027
K.1506 Molde,Helsefagarbeider,2033,410.8190438561869
K.1506 Molde,Helsefagarbeider,2034,425.3484788621099
K.1506 Molde,Helsefagarbeider,2035,439.87791386803656
K.1506 Molde,Lege,2023,311.03970762544486
K.1506 Molde,Lege,2024,317.771039114974
K.1506 Molde,Lege,2025,324.5023706045049
K.1506 Molde,Lege,2026,331.233702094034
K.1506 Molde,Lege,2027,337.96503358356495
K.1506 Molde,Lege,2028,344.69636507309406
K.1506 Molde,Lege,2029,351.42769656262317
K.1506 Molde,Lege,2030,358.1590280521541
K.1506 Molde,Lege,2031,364.8903595416832
K.1506 Molde,Lege,2032,371.62169103121414
K.1506 Molde,Lege,2033,378.35302252074325
K.1506 Molde,Lege,2034,385.08435401027236
K.1506 Molde,Lege,2035,391.8156854998033
K.1506 Molde,Omsorgsarbeider,2023,26.57250098775239
K.1506 Molde,Omsorgsarbeider,2024,23.08692216515192
K.1506 Molde,Omsorgsarbeider,2025,19.601343342552354
K.1506 Molde,Omsorgsarbeider,2026,16.11576451995279
K.1506 Molde,Omsorgsarbeider,2027,12.630185697353227
K.1506 Molde,Omsorgsarbeider,2028,9.144606874752753
K.1506 Molde,Omsorgsarbeider,2029,5.6590280521531895
K.1506 Molde,Omsorgsarbeider,2030,2.1734492295536256
K.1506 Molde,Omsorgsarbeider,2031,-1.3121295930459382
K.1506 Molde,Omsorgsarbeider,2032,-4.797708415645502
K.1506 Molde,Omsorgsarbeider,2033,-8.283287238245975
K.1506 Molde,Omsorgsarbeider,2034,-11.76886606084554
K.1506 Molde,Omsorgsarbeider,2035,-15.254444883445103
K.1506 Molde,Sykepleier,2023,1000.935203476889
K.1506 Molde,Sykepleier,2024,1008.905966021337
K.1506 Molde,Sykepleier,2025,1016.876728565785
K.1506 Molde,Sykepleier,2026,1024.8474911102348
K.1506 Molde,Sykepleier,2027,1032.8182536546828
K.1506 Molde,Sykepleier,2028,1040.7890161991327
K.1506 Molde,Sykepleier,2029,1048.7597787435807
K.1506 Molde,Sykepleier,2030,1056.7305412880305
K.1506 Molde,Sykepleier,2031,1064.7013038324785
K.1506 Molde,Sykepleier,2032,1072.6720663769283
K.1506 Molde,Sykepleier,2033,1080.6428289213763
K.1506 Molde,Sykepleier,2034,1088.6135914658262
K.1506 Molde,Sykepleier,2035,1096.5843540102742
K.1833 Rana,Helsefagarbeider,2023,279.1199130778332
K.1833 Rana,Helsefagarbeider,2024,297.35084946660936
K.1833 Rana,Helsefagarbeider,2025,315.5817858553928
K.1833 Rana,Helsefagarbeider,2026,333.812722244169
K.1833 Rana,Helsefagarbeider,2027,352.04365863294515
K.1833 Rana,Helsefagarbeider,2028,370.2745950217286
K.1833 Rana,Helsefagarbeider,2029,388.5055314105048
K.1833 Rana,Helsefagarbeider,2030,406.7364677992882
K.1833 Rana,Helsefagarbeider,2031,424.9674041880644
K.1833 Rana,Helsefagarbeider,2032,443.19834057684056
K.1833 Rana,Helsefagarbeider,2033,461.429276965624
K.1833 Rana,Helsefagarbeider,2034,479.6602133544002
K.1833 Rana,Helsefagarbeider,2035,497.89114974318363
K.1833 Rana,Omsorgsarbeider,2023,19.299683919398376
K.1833 Rana,Omsorgsarbeider,2024,14.684907151324296
K.1833 Rana,Omsorgsarbeider,2025,10.070130383248397
K.1833 Rana,Omsorgsarbeider,2026,5.455353615172498
K.1833 Rana,Omsorgsarbeider,2027,0.8405768470965995
K.1833 Rana,Omsorgsarbeider,2028,-3.7741999209792993
K.1833 Rana,Omsorgsarbeider,2029,-8.388976689055198
K.1833 Rana,Omsorgsarbeider,2030,-13.003753457131097
K.1833 Rana,Omsorgsarbeider,2031,-17.618530225206996
K.1833 Rana,Omsorgsarbeider,2032,-22.233306993282895
K.1833 Rana,Omsorgsarbeider,2033,-26.848083761358794
K.1833 Rana,Omsorgsarbeider,2034,-31.462860529434693
K.1833 Rana,Omsorgsarbeider,2035,-36.07763729751059
K.1833 Rana,Sykepleier,2023,591.0537337020942
K.1833 Rana,Sykepleier,2024,602.5657842749897
K.1833 Rana,Sykepleier,2025,614.0778348478852
K.1833 Rana,Sykepleier,2026,625.5898854207844
K.1833 Rana,Sykepleier,2027,637.10193599368
K.1833 Rana,Sykepleier,2028,648.6139865665755
K.1833 Rana,Sykepleier,2029,660.126037139471
K.1833 Rana,Sykepleier,2030,671.6380877123665
K.1833 Rana,Sykepleier,2031,683.1501382852621
K.1833 Rana,Sykepleier,2032,694.6621888581612
K.1833 Rana,Sykepleier,2033,706.1742394310568
K.1833 Rana,Sykepleier,2034,717.6862900039523
K.1833 Rana,Sykepleier,2035,729.1983405768478
K.3002 Moss,Helsefagarbeider,2023,449.9956538917395
K.3002 Moss,Helsefagarbeider,2024,480.5424733307009
K.3002 Moss,Helsefagarbeider,2025,511.089292769655
K.3002 Moss,Helsefagarbeider,2026,541.6361122086091
K.3002 Moss,Helsefagarbeider,2027,572.1829316475705
K.3002 Moss,Helsefagarbeider,2028,602.7297510865246
K.3002 Moss,Helsefagarbeider,2029,633.276570525486
K.3002 Moss,Helsefagarbeider,2030,663.8233899644401
K.3002 Moss,Helsefagarbeider,2031,694.3702094033943
K.3002 Moss,Helsefagarbeider,2032,724.9170288423556
K.3002 Moss,Helsefagarbeider,2033,755.4638482813098
K.3002 Moss,Helsefagarbeider,2034,786.0106677202712
K.3002 Moss,Helsefagarbeider,2035,816.5574871592253
K.3002 Moss,Lege,2023,163.82062425918593
K.3002 Moss,Lege,2024,166.93480837613606
K.3002 Moss,Lege,2025,170.0489924930862
K.3002 Moss,Lege,2026,173.1631766100354
K.3002 Moss,Lege,2027,176.27736072698553
K.3002 Moss,Lege,2028,179.39154484393566
K.3002 Moss,Lege,2029,182.50572896088488
K.3002 Moss,Lege,2030,185.619913077835
K.3002 Moss,Lege,2031,188.73409719478514
K.3002 Moss,Lege,2032,191.84828131173435
K.3002 Moss,Lege,2033,194.96246542868448
K.3002 Moss,Lege,2034,198.0766495456346
K.3002 Moss,Lege,2035,201.19083366258383
K.3002 Moss,Omsorgsarbeider,2023,6.8467009087289625
K.3002 Moss,Omsorgsarbeider,2024,-3.3200316080619814
K.3002 Moss,Omsorgsarbeider,2025,-13.486764124856563
K.3002 Moss,Omsorgsarbeider,2026,-23.653496641647507
K.3002 Moss,Omsorgsarbeider,2027,-33.82022915843845
K.3002 Moss,Omsorgsarbeider,2028,-43.986961675229395
K.3002 Moss,Omsorgsarbeider,2029,-54.15369419202398
K.3002 Moss,Omsorgsarbeider,2030,-64.32042670881492
K.3002 Moss,Omsorgsarbeider,2031,-74.48715922560586
K.3002 Moss,Omsorgsarbeider,2032,-84.65389174239681
K.3002 Moss,Omsorgsarbeider,2033,-94.82062425919139
K.3002 Moss,Omsorgsarbeider,2034,-104.98735677598233
K.3002 Moss,Omsorgsarbeider,2035,-115.15408929277328
K.3002 Moss,Sykepleier,2023,671.0288423548009
K.3002 Moss,Sykepleier,2024,677.1272224417244
K.3002 Moss,Sykepleier,2025,683.225602528646
K.3002 Moss,Sykepleier,2026,689.3239826155677
K.3002 Moss,Sykepleier,2027,695.4223627024894
K.3002 Moss,Sykepleier,2028,701.5207427894129
K.3002 Moss,Sykepleier,2029,707.6191228763346
K.3002 Moss,Sykepleier,2030,713.7175029632563
K.3002 Moss,Sykepleier,2031,719.815883050178
K.3002 Moss,Sykepleier,2032,725.9142631371014
K.3002 Moss,Sykepleier,2033,732.0126432240231
K.3002 Moss,Sykepleier,2034,738.1110233109448
K.3002 Moss,Sykepleier,2035,744.2094033978683
K.3005 Drammen,Helsefagarbeider,2023,724.2024891347392
K.3005 Drammen,Helsefagarbeider,2024,768.5438561833289
K.3005 Drammen,Helsefagarbeider,2025,812.8852232319332
K.3005 Drammen,Helsefagarbeider,2026,857.2265902805229
K.3005 Drammen,Helsefagarbeider,2027,901.5679573291272
K.3005 Drammen,Helsefagarbeider,2028,945.909324377717
K.3005 Drammen,Helsefagarbeider,2029,990.2506914263213
K.3005 Drammen,Helsefagarbeider,2030,1034.5920584749256
K.3005 Drammen,Helsefagarbeider,2031,1078.9334255235153
K.3005 Drammen,Helsefagarbeider,2032,1123.2747925721196
K.3005 Drammen,Helsefagarbeider,2033,1167.6161596207094
K.3005 Drammen,Helsefagarbeider,2034,1211.9575266693137
K.3005 Drammen,Helsefagarbeider,2035,1256.2988937179034
K.3005 Drammen,Lege,2023,815.0270644014236
K.3005 Drammen,Lege,2024,838.1673251679167
K.3005 Drammen,Lege,2025,861.3075859344171
K.3005 Drammen,Lege,2026,884.4478467009103
K.3005 Drammen,Lege,2027,907.5881074674035
K.3005 Drammen,Lege,2028,930.7283682339039
K.3005 Drammen,Lege,2029,953.868629000397
K.3005 Drammen,Lege,2030,977.0088897668902
K.3005 Drammen,Lege,2031,1000.1491505333906
K.3005 Drammen,Lege,2032,1023.2894112998838
K.3005 Drammen,Lege,2033,1046.429672066377
K.3005 Drammen,Lege,2034,1069.5699328328774
K.3005 Drammen,Lege,2035,1092.7101935993705
K.3005 Drammen,Omsorgsarbeider,2023,43.20268668510289
K.3005 Drammen,Omsorgsarbeider,2024,37.42828921374712
K.3005 Drammen,Omsorgsarbeider,2025,31.65389174239317
K.3005 Drammen,Omsorgsarbeider,2026,25.8794942710374
K.3005 Drammen,Omsorgsarbeider,2027,20.105096799681633
K.3005 Drammen,Omsorgsarbeider,2028,14.330699328327682
K.3005 Drammen,Omsorgsarbeider,2029,8.556301856971913
K.3005 Drammen,Omsorgsarbeider,2030,2.7819043856161443
K.3005 Drammen,Omsorgsarbeider,2031,-2.992493085737806
K.3005 Drammen,Omsorgsarbeider,2032,-8.766890557093575
K.3005 Drammen,Omsorgsarbeider,2033,-14.541288028449344
K.3005 Drammen,Omsorgsarbeider,2034,-20.315685499803294
K.3005 Drammen,Omsorgsarbeider,2035,-26.090082971159063
K.3005 Drammen,Sykepleier,2023,2211.772421967602
K.3005 Drammen,Sykepleier,2024,2259.133148952984
K.3005 Drammen,Sykepleier,2025,2306.493875938366
K.3005 Drammen,Sykepleier,2026,2353.8546029237477
K.3005 Drammen,Sykepleier,2027,2401.2153299091297
K.3005 Drammen,Sykepleier,2028,2448.5760568945116
K.3005 Drammen,Sykepleier,2029,2495.9367838798935
K.3005 Drammen,Sykepleier,2030,2543.2975108652754
K.3005 Drammen,Sykepleier,2031,2590.6582378506573
K.3005 Drammen,Sykepleier,2032,2638.0189648360392
K.3005 Drammen,Sykepleier,2033,2685.379691821421
K.3005 Drammen,Sykepleier,2034,2732.740418806803
K.3005 Drammen,Sykepleier,2035,2780.101145792185
K.3007 Ringerike,Helsefagarbeider,2023,272.7619517977146
K.3007 Ringerike,Helsefagarbeider,2024,289.7581983405835
K.3007 Ringerike,Helsefagarbeider,2025,306.7544448834451
K.3007 Ringerike,Helsefagarbeider,2026,323.750691426314
K.3007 Ringerike,Helsefagarbeider,2027,340.7469379691829
K.3007 Ringerike,Helsefagarbeider,2028,357.7431845120518
K.3007 Ringerike,Helsefagarbeider,2029,374.7394310549207
K.3007 Ringerike,Helsefagarbeider,2030,391.7356775977896
K.3007 Ringerike,Helsefagarbeider,2031,408.7319241406585
K.3007 Ringerike,Helsefagarbeider,2032,425.7281706835274
K.3007 Ringerike,Helsefagarbeider,2033,442.7244172263963
K.3007 Ringerike,Helsefagarbeider,2034,459.72066376926523
K.3007 Ringerike,Helsefagarbeider,2035,476.71691031213413
K.3007 Ringerike,Lege,2023,198.93164757013074
K.3007 Ringerike,Lege,2024,203.98617147372534
K.3007 Ringerike,Lege,2025,209.04069537732175
K.3007 Ringerike,Lege,2026,214.09521928091635
K.3007 Ringerike,Lege,2027,219.14974318451277
K.3007 Ringerike,Lege,2028,224.20426708810737
K.3007 Ringerike,Lege,2029,229.25879099170197
K.3007 Ringerike,Lege,2030,234.3133148952984
K.3007 Ringerike,Lege,2031,239.367838798893
K.3007 Ringerike,Lege,2032,244.4223627024894
K.3007 Ringerike,Lege,2033,249.476886606084
K.3007 Ringerike,Lege,2034,254.53141050968043
K.3007 Ringerike,Lege,2035,259.585934413275
K.3007 Ringerike,Omsorgsarbeider,2023,2.0288423548008723
K.3007 Ringerike,Omsorgsarbeider,2024,-2.8727775582756294
K.3007 Ringerike,Omsorgsarbeider,2025,-7.77439747135395
K.3007 Ringerike,Omsorgsarbeider,2026,-12.67601738443227
K.3007 Ringerike,Omsorgsarbeider,2027,-17.57763729751059
K.3007 Ringerike,Omsorgsarbeider,2028,-22.479257210587093
K.3007 Ringerike,Omsorgsarbeider,2029,-27.380877123665414
K.3007 Ringerike,Omsorgsarbeider,2030,-32.282497036743734
K.3007 Ringerike,Omsorgsarbeider,2031,-37.184116949822055
K.3007 Ringerike,Omsorgsarbeider,2032,-42.08573686289856
K.3007 Ringerike,Omsorgsarbeider,2033,-46.98735677597688
K.3007 Ringerike,Omsorgsarbeider,2034,-51.8889766890552
K.3007 Ringerike,Omsorgsarbeider,2035,-56.7905966021317
K.3007 Ringerike,Sykepleier,2023,615.0485973923351
K.3007 Ringerike,Sykepleier,2024,625.5705254839995
K.3007 Ringerike,Sykepleier,2025,636.092453575664
K.3007 Ringerike,Sykepleier,2026,646.6143816673248
K.3007 Ringerike,Sykepleier,2027,657.1363097589892
K.3007 Ringerike,Sykepleier,2028,667.6582378506537
K.3007 Ringerike,Sykepleier,2029,678.1801659423181
K.3007 Ringerike,Sykepleier,2030,688.7020940339789
K.3007 Ringerike,Sykepleier,2031,699.2240221256434
K.3007 Ringerike,Sykepleier,2032,709.7459502173078
K.3007 Ringerike,Sykepleier,2033,720.2678783089686
K.3007 Ringerike,Sykepleier,2034,730.7898064006331
K.3007 Ringerike,Sykepleier,2035,741.3117344922975
K.3029 Lørenskog,Helsefagarbeider,2023,230.82101935993705
K.3029 Lørenskog,Helsefagarbeider,2024,245.70367443697978
K.3029 Lørenskog,Helsefagarbeider,2025,260.58632951402615
K.3029 Lørenskog,Helsefagarbeider,2026,275.4689845910689
K.3029 Lørenskog,Helsefagarbeider,2027,290.35163966811524
K.3029 Lørenskog,Helsefagarbeider,2028,305.23429474515797
K.3029 Lørenskog,Helsefagarbeider,2029,320.11694982220433
K.3029 Lørenskog,Helsefagarbeider,2030,334.99960489924706
K.3029 Lørenskog,Helsefagarbeider,2031,349.8822599762934
K.3029 Lørenskog,Helsefagarbeider,2032,364.7649150533398
K.3029 Lørenskog,Helsefagarbeider,2033,379.6475701303825
K.3029 Lørenskog,Helsefagarbeider,2034,394.5302252074289
K.3029 Lørenskog,Helsefagarbeider,2035,409.4128802844716
K.3029 Lørenskog,Lege,2023,1289.354010272611
K.3029 Lørenskog,Lege,2024,1335.9039905175741
K.3029 Lørenskog,Lege,2025,1382.4539707625372
K.3029 Lørenskog,Lege,2026,1429.0039510075003
K.3029 Lørenskog,Lege,2027,1475.5539312524634
K.3029 Lørenskog,Lege,2028,1522.1039114974265
K.3029 Lørenskog,Lege,2029,1568.6538917423895
K.3029 Lørenskog,Lege,2030,1615.2038719873526
K.3029 Lørenskog,Lege,2031,1661.7538522323157
K.3029 Lørenskog,Lege,2032,1708.3038324772788
K.3029 Lørenskog,Lege,2033,1754.8538127222419
K.3029 Lørenskog,Lege,2034,1801.403792967205
K.3029 Lørenskog,Lege,2035,1847.953773212168
K.3029 Lørenskog,Omsorgsarbeider,2023,14.632556301856994
K.3029 Lørenskog,Omsorgsarbeider,2024,13.954563413670485
K.3029 Lørenskog,Omsorgsarbeider,2025,13.276570525483976
K.3029 Lørenskog,Omsorgsarbeider,2026,12.598577637297467
K.3029 Lørenskog,Omsorgsarbeider,2027,11.920584749110958
K.3029 Lørenskog,Omsorgsarbeider,2028,11.242591860924449
K.3029 Lørenskog,Omsorgsarbeider,2029,10.56459897273794
K.3029 Lørenskog,Omsorgsarbeider,2030,9.886606084551431
K.3029 Lørenskog,Omsorgsarbeider,2031,9.208613196364922
K.3029 Lørenskog,Omsorgsarbeider,2032,8.53062030817864
K.3029 Lørenskog,Omsorgsarbeider,2033,7.852627419992132
K.3029 Lørenskog,Omsorgsarbeider,2034,7.174634531805623
K.3029 Lørenskog,Omsorgsarbeider,2035,6.496641643619114
K.3029 Lørenskog,Sykepleier,2023,2836.4199920980027
K.3029 Lørenskog,Sykepleier,2024,2919.3046226788138
K.3029 Lørenskog,Sykepleier,2025,3002.1892532595957
K.3029 Lørenskog,Sykepleier,2026,3085.073883840407
K.3029 Lørenskog,Sykepleier,2027,3167.9585144211887
K.3029 Lørenskog,Sykepleier,2028,3250.843145002
K.3029 Lørenskog,Sykepleier,2029,3333.7277755827818
K.3029 Lørenskog,Sykepleier,2030,3416.612406163593
K.3029 Lørenskog,Sykepleier,2031,3499.497036744404
K.3029 Lørenskog,Sykepleier,2032,3582.381667325186
K.3029 Lørenskog,Sykepleier,2033,3665.266297905997
K.3029 Lørenskog,Sykepleier,2034,3748.150928486779
K.3029 Lørenskog,Sykepleier,2035,3831.03555906759
K.3030 Lillestrøm,Helsefagarbeider,2023,488.57902015015134
K.3030 Lillestrøm,Helsefagarbeider,2024,521.7732121691079
K.3030 Lillestrøm,Helsefagarbeider,2025,554.967404188079
K.3030 Lillestrøm,Helsefagarbeider,2026,588.1615962070355
K.3030 Lillestrøm,Helsefagarbeider,2027,621.3557882260066
K.3030 Lillestrøm,Helsefagarbeider,2028,654.5499802449776
K.3030 Lillestrøm,Helsefagarbeider,2029,687.7441722639342
K.3030 Lillestrøm,Helsefagarbeider,2030,720.9383642829052
K.3030 Lillestrøm,Helsefagarbeider,2031,754.1325563018618
K.3030 Lillestrøm,Helsefagarbeider,2032,787.3267483208328
K.3030 Lillestrøm,Helsefagarbeider,2033,820.5209403397894
K.3030 Lillestrøm,Helsefagarbeider,2034,853.7151323587605
K.3030 Lillestrøm,Helsefagarbeider,2035,886.9093243777315
K.3030 Lillestrøm,Lege,2023,228.58968787040612
K.3030 Lillestrøm,Lege,2024,233.03259581193197
K.3030 Lillestrøm,Lege,2025,237.47550375345782
K.3030 Lillestrøm,Lege,2026,241.91841169498184
K.3030 Lillestrøm,Lege,2027,246.3613196365077
K.3030 Lillestrøm,Lege,2028,250.8042275780317
K.3030 Lillestrøm,Lege,2029,255.24713551955756
K.3030 Lillestrøm,Lege,2030,259.6900434610816
K.3030 Lillestrøm,Lege,2031,264.13295140260743
K.3030 Lillestrøm,Lege,2032,268.5758593441333
K.3030 Lillestrøm,Lege,2033,273.0187672856573
K.3030 Lillestrøm,Lege,2034,277.46167522718315
K.3030 Lillestrøm,Lege,2035,281.9045831687072
K.3030 Lillestrøm,Omsorgsarbeider,2023,31.524298696167534
K.3030 Lillestrøm,Omsorgsarbeider,2024,28.28526274199885
K.3030 Lillestrøm,Omsorgsarbeider,2025,25.046226787831074
K.3030 Lillestrøm,Omsorgsarbeider,2026,21.80719083366239
K.3030 Lillestrøm,Omsorgsarbeider,2027,18.568154879493704
K.3030 Lillestrøm,Omsorgsarbeider,2028,15.329118925325929
K.3030 Lillestrøm,Omsorgsarbeider,2029,12.090082971157244
K.3030 Lillestrøm,Omsorgsarbeider,2030,8.851047016989469
K.3030 Lillestrøm,Omsorgsarbeider,2031,5.612011062820784
K.3030 Lillestrøm,Omsorgsarbeider,2032,2.372975108652099
K.3030 Lillestrøm,Omsorgsarbeider,2033,-0.8660608455156762
K.3030 Lillestrøm,Omsorgsarbeider,2034,-4.105096799684361
K.3030 Lillestrøm,Omsorgsarbeider,2035,-7.344132753852136
K.3030 Lillestrøm,Sykepleier,2023,810.7890161991381
K.3030 Lillestrøm,Sykepleier,2024,833.4255235085002
K.3030 Lillestrøm,Sykepleier,2025,856.0620308178623
K.3030 Lillestrøm,Sykepleier,2026,878.6985381272243
K.3030 Lillestrøm,Sykepleier,2027,901.3350454365936
K.3030 Lillestrøm,Sykepleier,2028,923.9715527459557
K.3030 Lillestrøm,Sykepleier,2029,946.6080600553178
K.3030 Lillestrøm,Sykepleier,2030,969.2445673646798
K.3030 Lillestrøm,Sykepleier,2031,991.8810746740492
K.3030 Lillestrøm,Sykepleier,2032,1014.5175819834112
K.3030 Lillestrøm,Sykepleier,2033,1037.1540892927733
K.3030 Lillestrøm,Sykepleier,2034,1059.7905966021353
K.3030 Lillestrøm,Sykepleier,2035,1082.4271039115047
K.3033 Ullensaker,Helsefagarbeider,2023,202.98577637297421
K.3033 Ullensaker,Helsefagarbeider,2024,217.32082180956058
K.3033 Ullensaker,Helsefagarbeider,2025,231.65586724614695
K.3033 Ullensaker,Helsefagarbeider,2026,245.99091268273332
K.3033 Ullensaker,Helsefagarbeider,2027,260.3259581193197
K.3033 Ullensaker,Helsefagarbeider,2028,274.66100355590606
K.3033 Ullensaker,Helsefagarbeider,2029,288.99604899249243
K.3033 Ullensaker,Helsefagarbeider,2030,303.3310944290788
K.3033 Ullensaker,Helsefagarbeider,2031,317.6661398656652
K.3033 Ullensaker,Helsefagarbeider,2032,332.00118530225154
K.3033 Ullensaker,Helsefagarbeider,2033,346.3362307388379
K.3033 Ullensaker,Helsefagarbeider,2034,360.6712761754243
K.3033 Ullensaker,Helsefagarbeider,2035,375.00632161201065
K.3033 Ullensaker,Sykepleier,2023,470.01224812327564
K.3033 Ullensaker,Sykepleier,2024,493.8348478862172
K.3033 Ullensaker,Sykepleier,2025,517.6574476491514
K.3033 Ullensaker,Sykepleier,2026,541.480047412093
K.3033 Ullensaker,Sykepleier,2027,565.3026471750345
K.3033 Ullensaker,Sykepleier,2028,589.1252469379688
K.3033 Ullensaker,Sykepleier,2029,612.9478467009103
K.3033 Ullensaker,Sykepleier,2030,636.7704464638518
K.3033 Ullensaker,Sykepleier,2031,660.5930462267934
K.3033 Ullensaker,Sykepleier,2032,684.4156459897276
K.3033 Ullensaker,Sykepleier,2033,708.2382457526692
K.3033 Ullensaker,Sykepleier,2034,732.0608455156107
K.3033 Ullensaker,Sykepleier,2035,755.8834452785522
K.3407 Gjøvik,Helsefagarbeider,2023,297.14085341762257
K.3407 Gjøvik,Helsefagarbeider,2024,320.10075069142476
K.3407 Gjøvik,Helsefagarbeider,2025,343.06064796523424
K.3407 Gjøvik,Helsefagarbeider,2026,366.02054523903644
K.3407 Gjøvik,Helsefagarbeider,2027,388.98044251283864
K.3407 Gjøvik,Helsefagarbeider,2028,411.9403397866481
K.3407 Gjøvik,Helsefagarbeider,2029,434.9002370604503
K.3407 Gjøvik,Helsefagarbeider,2030,457.8601343342525
K.3407 Gjøvik,Helsefagarbeider,2031,480.820031608062
K.3407 Gjøvik,Helsefagarbeider,2032,503.7799288818642
K.3407 Gjøvik,Helsefagarbeider,2033,526.7398261556737
K.3407 Gjøvik,Helsefagarbeider,2034,549.6997234294759
K.3407 Gjøvik,Helsefagarbeider,2035,572.659620703278
K.3407 Gjøvik,Lege,2023,258.11457921769943
K.3407 Gjøvik,Lege,2024,262.9711576451991
K.3407 Gjøvik,Lege,2025,267.8277360726988
K.3407 Gjøvik,Lege,2026,272.6843145001967
K.3407 Gjøvik,Lege,2027,277.5408929276964
K.3407 Gjøvik,Lege,2028,282.3974713551961
K.3407 Gjøvik,Lege,2029,287.254049782694
K.3407 Gjøvik,Lege,2030,292.1106282101937
K.3407 Gjøvik,Lege,2031,296.96720663769156
K.3407 Gjøvik,Lege,2032,301.82378506519126
K.3407 Gjøvik,Lege,2033,306.68036349269096
K.3407 Gjøvik,Lege,2034,311.53694192018884
K.3407 Gjøvik,Lege,2035,316.39352034768854
K.3407 Gjøvik,Omsorgsarbeider,2023,27.860924535756567
K.3407 Gjøvik,Omsorgsarbeider,2024,23.359146582379253
K.3407 Gjøvik,Omsorgsarbeider,2025,18.85736862900012
K.3407 Gjøvik,Omsorgsarbeider,2026,14.355590675622807
K.3407 Gjøvik,Omsorgsarbeider,2027,9.853812722243674
K.3407 Gjøvik,Omsorgsarbeider,2028,5.3520347688663605
K.3407 Gjøvik,Omsorgsarbeider,2029,0.8502568154872279
K.3407 Gjøvik,Omsorgsarbeider,2030,-3.651521137890086
K.3407 Gjøvik,Omsorgsarbeider,2031,-8.153299091269218
K.3407 Gjøvik,Omsorgsarbeider,2032,-12.655077044646532
K.3407 Gjøvik,Omsorgsarbeider,2033,-17.156854998023846
K.3407 Gjøvik,Omsorgsarbeider,2034,-21.65863295140298
K.3407 Gjøvik,Omsorgsarbeider,2035,-26.160410904780292
K.3407 Gjøvik,Sykepleier,2023,899.6645594626643
K.3407 Gjøvik,Sykepleier,2024,913.2327143421571
K.3407 Gjøvik,Sykepleier,2025,926.8008692216536
K.3407 Gjøvik,Sykepleier,2026,940.3690241011464
K.3407 Gjøvik,Sykepleier,2027,953.9371789806391
K.3407 Gjøvik,Sykepleier,2028,967.5053338601356
K.3407 Gjøvik,Sykepleier,2029,981.0734887396284
K.3407 Gjøvik,Sykepleier,2030,994.6416436191248
K.3407 Gjøvik,Sykepleier,2031,1008.2097984986176
K.3407 Gjøvik,Sykepleier,2032,1021.7779533781104
K.3407 Gjøvik,Sykepleier,2033,1035.3461082576068
K.3407 Gjøvik,Sykepleier,2034,1048.9142631370996
K.3407 Gjøvik,Sykepleier,2035,1062.482418016596
K.3802 Holmestrand,Helsefagarbeider,2023,173.082971157648
K.3802 Holmestrand,Helsefagarbeider,2024,183.46187277755962
K.3802 Holmestrand,Helsefagarbeider,2025,193.8407743974749
K.3802 Holmestrand,Helsefagarbeider,2026,204.21967601738652
K.3802 Holmestrand,Helsefagarbeider,2027,214.5985776373018
K.3802 Holmestrand,Helsefagarbeider,2028,224.97747925721342
K.3802 Holmestrand,Helsefagarbeider,2029,235.35638087712505
K.3802 Holmestrand,Helsefagarbeider,2030,245.73528249704032
K.3802 Holmestrand,Helsefagarbeider,2031,256.11418411695195
K.3802 Holmestrand,Helsefagarbeider,2032,266.4930857368672
K.3802 Holmestrand,Helsefagarbeider,2033,276.87198735677885
K.3802 Holmestrand,Helsefagarbeider,2034,287.2508889766905
K.3802 Holmestrand,Helsefagarbeider,2035,297.62979059660574
K.3802 Holmestrand,Omsorgsarbeider,2023,17.255630185697555
K.3802 Holmestrand,Omsorgsarbeider,2024,14.45634136704939
K.3802 Holmestrand,Omsorgsarbeider,2025,11.657052548400316
K.3802 Holmestrand,Omsorgsarbeider,2026,8.857763729751241
K.3802 Holmestrand,Omsorgsarbeider,2027,6.058474911103076
K.3802 Holmestrand,Omsorgsarbeider,2028,3.2591860924540015
K.3802 Holmestrand,Omsorgsarbeider,2029,0.45989727380492695
K.3802 Holmestrand,Omsorgsarbeider,2030,-2.339391544843238
K.3802 Holmestrand,Omsorgsarbeider,2031,-5.138680363492313
K.3802 Holmestrand,Omsorgsarbeider,2032,-7.937969182141387
K.3802 Holmestrand,Omsorgsarbeider,2033,-10.737258000789552
K.3802 Holmestrand,Omsorgsarbeider,2034,-13.536546819438627
K.3802 Holmestrand,Omsorgsarbeider,2035,-16.3358356380877
K.3802 Holmestrand,Sykepleier,2023,194.85776372975124
K.3802 Holmestrand,Sykepleier,2024,198.20821809561494
K.3802 Holmestrand,Sykepleier,2025,201.55867246147773
K.3802 Holmestrand,Sykepleier,2026,204.90912682734142
K.3802 Holmestrand,Sykepleier,2027,208.2595811932042
K.3802 Holmestrand,Sykepleier,2028,211.6100355590679
K.3802 Holmestrand,Sykepleier,2029,214.9604899249307
K.3802 Holmestrand,Sykepleier,2030,218.3109442907944
K.3802 Holmestrand,Sykepleier,2031,221.66139865665718
K.3802 Holmestrand,Sykepleier,2032,225.01185302252088
K.3802 Holmestrand,Sykepleier,2033,228.36230738838458
K.3802 Holmestrand,Sykepleier,2034,231.71276175424737
K.3802 Holmestrand,Sykepleier,2035,235.06321612011106
K.3803 Tønsberg,Helsefagarbeider,2023,552.5219280916644
K.3803 Tønsberg,Helsefagarbeider,2024,594.6720663769229
K.3803 Tønsberg,Helsefagarbeider,2025,636.8222046621813
K.3803 Tønsberg,Helsefagarbeider,2026,678.9723429474398
K.3803 Tønsberg,Helsefagarbeider,2027,721.1224812327127
K.3803 Tønsberg,Helsefagarbeider,2028,763.2726195179712
K.3803 Tønsberg,Helsefagarbeider,2029,805.4227578032296
K.3803 Tønsberg,Helsefagarbeider,2030,847.5728960885026
K.3803 Tønsberg,Helsefagarbeider,2031,889.723034373761
K.3803 Tønsberg,Helsefagarbeider,2032,931.8731726590195
K.3803 Tønsberg,Helsefagarbeider,2033,974.0233109442925
K.3803 Tønsberg,Helsefagarbeider,2034,1016.1734492295509
K.3803 Tønsberg,Helsefagarbeider,2035,1058.3235875148093
K.3803 Tønsberg,Lege,2023,701.5225207427902
K.3803 Tønsberg,Lege,2024,715.8253654681976
K.3803 Tønsberg,Lege,2025,730.1282101936013
K.3803 Tønsberg,Lege,2026,744.431054919005
K.3803 Tønsberg,Lege,2027,758.7338996444123
K.3803 Tønsberg,Lege,2028,773.036744369816
K.3803 Tønsberg,Lege,2029,787.3395890952197
K.3803 Tønsberg,Lege,2030,801.642433820627
K.3803 Tønsberg,Lege,2031,815.9452785460307
K.3803 Tønsberg,Lege,2032,830.2481232714345
K.3803 Tønsberg,Lege,2033,844.5509679968418
K.3803 Tønsberg,Lege,2034,858.8538127222455
K.3803 Tønsberg,Lege,2035,873.1566574476492
K.3803 Tønsberg,Omsorgsarbeider,2023,62.40458316870718
K.3803 Tønsberg,Omsorgsarbeider,2024,52.3188463058068
K.3803 Tønsberg,Omsorgsarbeider,2025,42.233109442906425
K.3803 Tønsberg,Omsorgsarbeider,2026,32.14737258000605
K.3803 Tønsberg,Omsorgsarbeider,2027,22.061635717105673
K.3803 Tønsberg,Omsorgsarbeider,2028,11.975898854205298
K.3803 Tønsberg,Omsorgsarbeider,2029,1.8901619913049217
K.3803 Tønsberg,Omsorgsarbeider,2030,-8.195574871595454
K.3803 Tønsberg,Omsorgsarbeider,2031,-18.28131173449583
K.3803 Tønsberg,Omsorgsarbeider,2032,-28.367048597392568
K.3803 Tønsberg,Omsorgsarbeider,2033,-38.452785460292944
K.3803 Tønsberg,Omsorgsarbeider,2034,-48.53852232319332
K.3803 Tønsberg,Omsorgsarbeider,2035,-58.624259186093695
K.3803 Tønsberg,Sykepleier,2023,1969.948636902409
K.3803 Tønsberg,Sykepleier,2024,1998.5474120900835
K.3803 Tønsberg,Sykepleier,2025,2027.1461872777581
K.3803 Tønsberg,Sykepleier,2026,2055.7449624654255
K.3803 Tønsberg,Sykepleier,2027,2084.3437376531
K.3803 Tønsberg,Sykepleier,2028,2112.9425128407747
K.3803 Tønsberg,Sykepleier,2029,2141.5412880284493
K.3803 Tønsberg,Sykepleier,2030,2170.1400632161167
K.3803 Tønsberg,Sykepleier,2031,2198.7388384037913
K.3803 Tønsberg,Sykepleier,2032,2227.337613591466
K.3803 Tønsberg,Sykepleier,2033,2255.9363887791405
K.3803 Tønsberg,Sykepleier,2034,2284.535163966808
K.3803 Tønsberg,Sykepleier,2035,2313.1339391544825
K.3806 Porsgrunn,Helsefagarbeider,2023,347.91465823785256
K.3806 Porsgrunn,Helsefagarbeider,2024,372.9249308573708
K.3806 Porsgrunn,Helsefagarbeider,2025,397.935203476889
K.3806 Porsgrunn,Helsefagarbeider,2026,422.9454760964072
K.3806 Porsgrunn,Helsefagarbeider,2027,447.95574871592544
K.3806 Porsgrunn,Helsefagarbeider,2028,472.96602133544366
K.3806 Porsgrunn,Helsefagarbeider,2029,497.9762939549619
K.3806 Porsgrunn,Helsefagarbeider,2030,522.9865665744801
K.3806 Porsgrunn,Helsefagarbeider,2031,547.9968391939983
K.3806 Porsgrunn,Helsefagarbeider,2032,573.0071118135165
K.3806 Porsgrunn,Helsefagarbeider,2033,598.0173844330275
K.3806 Porsgrunn,Helsefagarbeider,2034,623.0276570525457
K.3806 Porsgrunn,Helsefagarbeider,2035,648.0379296720639
K.3806 Porsgrunn,Lege,2023,119.73291189253268
K.3806 Porsgrunn,Lege,2024,121.74654286843133
K.3806 Porsgrunn,Lege,2025,123.76017384433044
K.3806 Porsgrunn,Lege,2026,125.77380482022909
K.3806 Porsgrunn,Lege,2027,127.7874357961282
K.3806 Porsgrunn,Lege,2028,129.80106677202684
K.3806 Porsgrunn,Lege,2029,131.8146977479255
K.3806 Porsgrunn,Lege,2030,133.8283287238246
K.3806 Porsgrunn,Lege,2031,135.84195969972325
K.3806 Porsgrunn,Lege,2032,137.85559067562235
K.3806 Porsgrunn,Lege,2033,139.869221651521
K.3806 Porsgrunn,Lege,2034,141.8828526274201
K.3806 Porsgrunn,Lege,2035,143.8964836033192
K.3806 Porsgrunn,Omsorgsarbeider,2023,14.866455946264978
K.3806 Porsgrunn,Omsorgsarbeider,2024,7.123271434214985
K.3806 Porsgrunn,Omsorgsarbeider,2025,-0.6199130778368271
K.3806 Porsgrunn,Omsorgsarbeider,2026,-8.36309758988682
K.3806 Porsgrunn,Omsorgsarbeider,2027,-16.106282101936813
K.3806 Porsgrunn,Omsorgsarbeider,2028,-23.849466613988625
K.3806 Porsgrunn,Omsorgsarbeider,2029,-31.592651126038618
K.3806 Porsgrunn,Omsorgsarbeider,2030,-39.33583563808861
K.3806 Porsgrunn,Omsorgsarbeider,2031,-47.07902015014042
K.3806 Porsgrunn,Omsorgsarbeider,2032,-54.822204662190416
K.3806 Porsgrunn,Omsorgsarbeider,2033,-62.56538917424041
K.3806 Porsgrunn,Omsorgsarbeider,2034,-70.3085736862904
K.3806 Porsgrunn,Omsorgsarbeider,2035,-78.05175819834221
K.3806 Porsgrunn,Sykepleier,2023,499.39628605294456
K.3806 Porsgrunn,Sykepleier,2024,507.1726590280541
K.3806 Porsgrunn,Sykepleier,2025,514.9490320031618
K.3806 Porsgrunn,Sykepleier,2026,522.7254049782714
K.3806 Porsgrunn,Sykepleier,2027,530.5017779533791
K.3806 Porsgrunn,Sykepleier,2028,538.2781509284887
K.3806 Porsgrunn,Sykepleier,2029,546.0545239035964
K.3806 Porsgrunn,Sykepleier,2030,553.830896878706
K.3806 Porsgrunn,Sykepleier,2031,561.6072698538137
K.3806 Porsgrunn,Sykepleier,2032,569.3836428289233
K.3806 Porsgrunn,Sykepleier,2033,577.160015804031
K.3806 Porsgrunn,Sykepleier,2034,584.9363887791405
K.3806 Porsgrunn,Sykepleier,2035,592.7127617542483
K.3807 Skien,Helsefagarbeider,2023,424.9041880679579
K.3807 Skien,Helsefagarbeider,2024,453.5499802449631
K.3807 Skien,Helsefagarbeider,2025,482.1957724219683
K.3807 Skien,Helsefagarbeider,2026,510.8415645989735
K.3807 Skien,Helsefagarbeider,2027,539.4873567759787
K.3807 Skien,Helsefagarbeider,2028,568.1331489529839
K.3807 Skien,Helsefagarbeider,2029,596.7789411299891
K.3807 Skien,Helsefagarbeider,2030,625.4247333069943
K.3807 Skien,Helsefagarbeider,2031,654.0705254839995
K.3807 Skien,Helsefagarbeider,2032,682.7163176610047
K.3807 Skien,Helsefagarbeider,2033,711.3621098380099
K.3807 Skien,Helsefagarbeider,2034,740.0079020150151
K.3807 Skien,Helsefagarbeider,2035,768.6536941920203
K.3807 Skien,Lege,2023,501.9581193204249
K.3807 Skien,Lege,2024,513.5001975503728
K.3807 Skien,Lege,2025,525.0422757803244
K.3807 Skien,Lege,2026,536.5843540102724
K.3807 Skien,Lege,2027,548.1264322402203
K.3807 Skien,Lege,2028,559.6685104701683
K.3807 Skien,Lege,2029,571.2105887001162
K.3807 Skien,Lege,2030,582.7526669300678
K.3807 Skien,Lege,2031,594.2947451600157
K.3807 Skien,Lege,2032,605.8368233899637
K.3807 Skien,Lege,2033,617.3789016199116
K.3807 Skien,Lege,2034,628.9209798498596
K.3807 Skien,Lege,2035,640.4630580798112
K.3807 Skien,Omsorgsarbeider,2023,39.55017779533773
K.3807 Skien,Omsorgsarbeider,2024,33.645989727379856
K.3807 Skien,Omsorgsarbeider,2025,27.74180165942198
K.3807 Skien,Omsorgsarbeider,2026,21.837613591464105
K.3807 Skien,Omsorgsarbeider,2027,15.933425523508049
K.3807 Skien,Omsorgsarbeider,2028,10.029237455550174
K.3807 Skien,Omsorgsarbeider,2029,4.1250493875922984
K.3807 Skien,Omsorgsarbeider,2030,-1.7791386803637579
K.3807 Skien,Omsorgsarbeider,2031,-7.683326748321633
K.3807 Skien,Omsorgsarbeider,2032,-13.587514816279509
K.3807 Skien,Omsorgsarbeider,2033,-19.491702884235565
K.3807 Skien,Omsorgsarbeider,2034,-25.39589095219344
K.3807 Skien,Omsorgsarbeider,2035,-31.300079020151315
K.3807 Skien,Sykepleier,2023,1612.3585539312553
K.3807 Skien,Sykepleier,2024,1638.2459502173078
K.3807 Skien,Sykepleier,2025,1664.1333465033604
K.3807 Skien,Sykepleier,2026,1690.020742789413
K.3807 Skien,Sykepleier,2027,1715.9081390754654
K.3807 Skien,Sykepleier,2028,1741.795535361518
K.3807 Skien,Sykepleier,2029,1767.6829316475705
K.3807 Skien,Sykepleier,2030,1793.570327933623
K.3807 Skien,Sykepleier,2031,1819.4577242196756
K.3807 Skien,Sykepleier,2032,1845.3451205057281
K.3807 Skien,Sykepleier,2033,1871.2325167917807
K.3807 Skien,Sykepleier,2034,1897.1199130778332
K.3807 Skien,Sykepleier,2035,1923.0073093638857
K.4204 Kristiansand,Helsefagarbeider,2023,711.8889766890497
K.4204 Kristiansand,Helsefagarbeider,2024,749.9486369024089
K.4204 Kristiansand,Helsefagarbeider,2025,788.0082971157535
K.4204 Kristiansand,Helsefagarbeider,2026,826.0679573291127
K.4204 Kristiansand,Helsefagarbeider,2027,864.1276175424719
K.4204 Kristiansand,Helsefagarbeider,2028,902.187277755831
K.4204 Kristiansand,Helsefagarbeider,2029,940.2469379691756
K.4204 Kristiansand,Helsefagarbeider,2030,978.3065981825348
K.4204 Kristiansand,Helsefagarbeider,2031,1016.366258395894
K.4204 Kristiansand,Helsefagarbeider,2032,1054.4259186092386
K.4204 Kristiansand,Helsefagarbeider,2033,1092.4855788225977
K.4204 Kristiansand,Helsefagarbeider,2034,1130.545239035957
K.4204 Kristiansand,Helsefagarbeider,2035,1168.6048992493015
K.4204 Kristiansand,Lege,2023,704.5952192809164
K.4204 Kristiansand,Lege,2024,719.2967206637695
K.4204 Kristiansand,Lege,2025,733.998222046619
K.4204 Kristiansand,Lege,2026,748.6997234294722
K.4204 Kristiansand,Lege,2027,763.4012248123254
K.4204 Kristiansand,Lege,2028,778.1027261951785
K.4204 Kristiansand,Lege,2029,792.8042275780317
K.4204 Kristiansand,Lege,2030,807.5057289608849
K.4204 Kristiansand,Lege,2031,822.2072303437344
K.4204 Kristiansand,Lege,2032,836.9087317265876
K.4204 Kristiansand,Lege,2033,851.6102331094407
K.4204 Kristiansand,Lege,2034,866.3117344922939
K.4204 Kristiansand,Lege,2035,881.0132358751471
K.4204 Kristiansand,Omsorgsarbeider,2023,154.24891347294033
K.4204 Kristiansand,Omsorgsarbeider,2024,135.88561833267886
K.4204 Kristiansand,Omsorgsarbeider,2025,117.52232319241739
K.4204 Kristiansand,Omsorgsarbeider,2026,99.15902805215592
K.4204 Kristiansand,Omsorgsarbeider,2027,80.79573291189445
K.4204 Kristiansand,Omsorgsarbeider,2028,62.432437771632976
K.4204 Kristiansand,Omsorgsarbeider,2029,44.069142631371506
K.4204 Kristiansand,Omsorgsarbeider,2030,25.705847491110035
K.4204 Kristiansand,Omsorgsarbeider,2031,7.342552350848564
K.4204 Kristiansand,Omsorgsarbeider,2032,-11.020742789412907
K.4204 Kristiansand,Omsorgsarbeider,2033,-29.3840379296671
K.4204 Kristiansand,Omsorgsarbeider,2034,-47.74733306992857
K.4204 Kristiansand,Omsorgsarbeider,2035,-66.11062821019004
K.4204 Kristiansand,Sykepleier,2023,2451.7929672066384
K.4204 Kristiansand,Sykepleier,2024,2487.6141841169447
K.4204 Kristiansand,Sykepleier,2025,2523.4354010272655
K.4204 Kristiansand,Sykepleier,2026,2559.2566179375717
K.4204 Kristiansand,Sykepleier,2027,2595.077834847878
K.4204 Kristiansand,Sykepleier,2028,2630.8990517581988
K.4204 Kristiansand,Sykepleier,2029,2666.720268668505
K.4204 Kristiansand,Sykepleier,2030,2702.541485578826
K.4204 Kristiansand,Sykepleier,2031,2738.362702489132
K.4204 Kristiansand,Sykepleier,2032,2774.183919399453
K.4204 Kristiansand,Sykepleier,2033,2810.005136309759
K.4204 Kristiansand,Sykepleier,2034,2845.8263532200654
K.4204 Kristiansand,Sykepleier,2035,2881.647570130386
K.4601 Bergen,Helsefagarbeider,2023,2098.1349269063794
K.4601 Bergen,Helsefagarbeider,2024,2249.567759778758
K.4601 Bergen,Helsefagarbeider,2025,2401.0005926511367
K.4601 Bergen,Helsefagarbeider,2026,2552.4334255235735
K.4601 Bergen,Helsefagarbeider,2027,2703.866258395952
K.4601 Bergen,Helsefagarbeider,2028,2855.299091268331
K.4601 Bergen,Helsefagarbeider,2029,3006.7319241407095
K.4601 Bergen,Helsefagarbeider,2030,3158.164757013088
K.4601 Bergen,Helsefagarbeider,2031,3309.5975898854667
K.4601 Bergen,Helsefagarbeider,2032,3461.0304227578454
K.4601 Bergen,Helsefagarbeider,2033,3612.463255630224
K.4601 Bergen,Helsefagarbeider,2034,3763.8960885026027
K.4601 Bergen,Helsefagarbeider,2035,3915.3289213749813
K.4601 Bergen,Lege,2023,2543.461477676814
K.4601 Bergen,Lege,2024,2617.03555906759
K.4601 Bergen,Lege,2025,2690.609640458337
K.4601 Bergen,Lege,2026,2764.1837218490837
K.4601 Bergen,Lege,2027,2837.7578032398305
K.4601 Bergen,Lege,2028,2911.3318846306065
K.4601 Bergen,Lege,2029,2984.9059660213534
K.4601 Bergen,Lege,2030,3058.4800474121002
K.4601 Bergen,Lege,2031,3132.054128802847
K.4601 Bergen,Lege,2032,3205.628210193623
K.4601 Bergen,Lege,2033,3279.20229158437
K.4601 Bergen,Lege,2034,3352.776372975117
K.4601 Bergen,Lege,2035,3426.350454365893
K.4601 Bergen,Omsorgsarbeider,2023,207.59739233503933
K.4601 Bergen,Omsorgsarbeider,2024,177.5254839984118
K.4601 Bergen,Omsorgsarbeider,2025,147.45357566179155
K.4601 Bergen,Omsorgsarbeider,2026,117.38166732516402
K.4601 Bergen,Omsorgsarbeider,2027,87.30975898853649
K.4601 Bergen,Omsorgsarbeider,2028,57.23785065190896
K.4601 Bergen,Omsorgsarbeider,2029,27.165942315288703
K.4601 Bergen,Omsorgsarbeider,2030,-2.905966021338827
K.4601 Bergen,Omsorgsarbeider,2031,-32.97787435796636
K.4601 Bergen,Omsorgsarbeider,2032,-63.04978269459389
K.4601 Bergen,Omsorgsarbeider,2033,-93.12169103121414
K.4601 Bergen,Omsorgsarbeider,2034,-123.19359936784167
K.4601 Bergen,Omsorgsarbeider,2035,-153.2655077044692
K.4601 Bergen,Sykepleier,2023,7094.016199130798
K.4601 Bergen,Sykepleier,2024,7230.523508494662
K.4601 Bergen,Sykepleier,2025,7367.030817858584
K.4601 Bergen,Sykepleier,2026,7503.538127222448
K.4601 Bergen,Sykepleier,2027,7640.045436586312
K.4601 Bergen,Sykepleier,2028,7776.552745950234
K.4601 Bergen,Sykepleier,2029,7913.060055314098
K.4601 Bergen,Sykepleier,2030,8049.56736467802
K.4601 Bergen,Sykepleier,2031,8186.074674041884
K.4601 Bergen,Sykepleier,2032,8322.581983405747
K.4601 Bergen,Sykepleier,2033,8459.08929276967
K.4601 Bergen,Sykepleier,2034,8595.596602133533
K.4601 Bergen,Sykepleier,2035,8732.103911497456
K.5001 Trondheim - Tråante,Helsefagarbeider,2023,1204.8324772817432
K.5001 Trondheim - Tråante,Helsefagarbeider,2024,1284.000790201535
K.5001 Trondheim - Tråante,Helsefagarbeider,2025,1363.1691031213268
K.5001 Trondheim - Tråante,Helsefagarbeider,2026,1442.3374160411186
K.5001 Trondheim - Tråante,Helsefagarbeider,2027,1521.5057289609103
K.5001 Trondheim - Tråante,Helsefagarbeider,2028,1600.6740418807021
K.5001 Trondheim - Tråante,Helsefagarbeider,2029,1679.842354800494
K.5001 Trondheim - Tråante,Helsefagarbeider,2030,1759.0106677202857
K.5001 Trondheim - Tråante,Helsefagarbeider,2031,1838.1789806400775
K.5001 Trondheim - Tråante,Helsefagarbeider,2032,1917.3472935598693
K.5001 Trondheim - Tråante,Helsefagarbeider,2033,1996.5156064796902
K.5001 Trondheim - Tråante,Helsefagarbeider,2034,2075.683919399482
K.5001 Trondheim - Tråante,Helsefagarbeider,2035,2154.8522323192738
K.5001 Trondheim - Tråante,Lege,2023,1782.5685499802494
K.5001 Trondheim - Tråante,Lege,2024,1827.3982615567074
K.5001 Trondheim - Tråante,Lege,2025,1872.2279731331655
K.5001 Trondheim - Tråante,Lege,2026,1917.057684709609
K.5001 Trondheim - Tråante,Lege,2027,1961.887396286067
K.5001 Trondheim - Tråante,Lege,2028,2006.7171078625106
K.5001 Trondheim - Tråante,Lege,2029,2051.5468194389687
K.5001 Trondheim - Tråante,Lege,2030,2096.376531015412
K.5001 Trondheim - Tråante,Lege,2031,2141.2062425918703
K.5001 Trondheim - Tråante,Lege,2032,2186.0359541683283
K.5001 Trondheim - Tråante,Lege,2033,2230.865665744772
K.5001 Trondheim - Tråante,Lege,2034,2275.69537732123
K.5001 Trondheim - Tråante,Lege,2035,2320.5250888976734
K.5001 Trondheim - Tråante,Omsorgsarbeider,2023,225.93954958514223
K.5001 Trondheim - Tråante,Omsorgsarbeider,2024,209.36349269063794
K.5001 Trondheim - Tråante,Omsorgsarbeider,2025,192.78743579612637
K.5001 Trondheim - Tråante,Omsorgsarbeider,2026,176.21137890162208
K.5001 Trondheim - Tråante,Omsorgsarbeider,2027,159.63532200711052
K.5001 Trondheim - Tråante,Omsorgsarbeider,2028,143.05926511259895
K.5001 Trondheim - Tråante,Omsorgsarbeider,2029,126.48320821809466
K.5001 Trondheim - Tråante,Omsorgsarbeider,2030,109.9071513235831
K.5001 Trondheim - Tråante,Omsorgsarbeider,2031,93.3310944290788
K.5001 Trondheim - Tråante,Omsorgsarbeider,2032,76.75503753456724
K.5001 Trondheim - Tråante,Omsorgsarbeider,2033,60.178980640062946
K.5001 Trondheim - Tråante,Omsorgsarbeider,2034,43.60292374555138
K.5001 Trondheim - Tråante,Omsorgsarbeider,2035,27.02686685104709
K.5001 Trondheim - Tråante,Sykepleier,2023,5267.228763334657
K.5001 Trondheim - Tråante,Sykepleier,2024,5369.173449229536
K.5001 Trondheim - Tråante,Sykepleier,2025,5471.118135124445
K.5001 Trondheim - Tråante,Sykepleier,2026,5573.062821019354
K.5001 Trondheim - Tråante,Sykepleier,2027,5675.007506914262
K.5001 Trondheim - Tråante,Sykepleier,2028,5776.952192809171
K.5001 Trondheim - Tråante,Sykepleier,2029,5878.89687870405
K.5001 Trondheim - Tråante,Sykepleier,2030,5980.841564598959
K.5001 Trondheim - Tråante,Sykepleier,2031,6082.786250493868
K.5001 Trondheim - Tråante,Sykepleier,2032,6184.730936388776
K.5001 Trondheim - Tråante,Sykepleier,2033,6286.675622283685
K.5001 Trondheim - Tråante,Sykepleier,2034,6388.620308178593
K.5001 Trondheim - Tråante,Sykepleier,2035,6490.564994073473
K.5401 Tromsø,Helsefagarbeider,2023,508.75839589095267
K.5401 Tromsø,Helsefagarbeider,2024,542.8384037929645
K.5401 Tromsø,Helsefagarbeider,2025,576.9184116949764
K.5401 Tromsø,Helsefagarbeider,2026,610.9984195969882
K.5401 Tromsø,Helsefagarbeider,2027,645.0784274990001
K.5401 Tromsø,Helsefagarbeider,2028,679.1584354010265
K.5401 Tromsø,Helsefagarbeider,2029,713.2384433030384
K.5401 Tromsø,Helsefagarbeider,2030,747.3184512050502
K.5401 Tromsø,Helsefagarbeider,2031,781.3984591070621
K.5401 Tromsø,Helsefagarbeider,2032,815.4784670090885
K.5401 Tromsø,Helsefagarbeider,2033,849.5584749111003
K.5401 Tromsø,Helsefagarbeider,2034,883.6384828131122
K.5401 Tromsø,Helsefagarbeider,2035,917.7184907151241
K.5401 Tromsø,Lege,2023,1032.756222836826
K.5401 Tromsø,Lege,2024,1055.6096404583222
K.5401 Tromsø,Lege,2025,1078.4630580798184
K.5401 Tromsø,Lege,2026,1101.3164757013074
K.5401 Tromsø,Lege,2027,1124.1698933228035
K.5401 Tromsø,Lege,2028,1147.0233109442925
K.5401 Tromsø,Lege,2029,1169.8767285657887
K.5401 Tromsø,Lege,2030,1192.7301461872848
K.5401 Tromsø,Lege,2031,1215.5835638087738
K.5401 Tromsø,Lege,2032,1238.43698143027
K.5401 Tromsø,Lege,2033,1261.2903990517661
K.5401 Tromsø,Lege,2034,1284.143816673255
K.5401 Tromsø,Lege,2035,1306.9972342947513
K.5401 Tromsø,Omsorgsarbeider,2023,35.267483208219346
K.5401 Tromsø,Omsorgsarbeider,2024,27.52232319241375
K.5401 Tromsø,Omsorgsarbeider,2025,19.777163176609974
K.5401 Tromsø,Omsorgsarbeider,2026,12.032003160806198
K.5401 Tromsø,Omsorgsarbeider,2027,4.286843145002422
K.5401 Tromsø,Omsorgsarbeider,2028,-3.4583168708013545
K.5401 Tromsø,Omsorgsarbeider,2029,-11.20347688660513
K.5401 Tromsø,Omsorgsarbeider,2030,-18.948636902408907
K.5401 Tromsø,Omsorgsarbeider,2031,-26.693796918214503
K.5401 Tromsø,Omsorgsarbeider,2032,-34.43895693401828
K.5401 Tromsø,Omsorgsarbeider,2033,-42.184116949822055
K.5401 Tromsø,Omsorgsarbeider,2034,-49.92927696562583
K.5401 Tromsø,Omsorgsarbeider,2035,-57.67443698142961
K.5401 Tromsø,Sykepleier,2023,2368.4516001580487
K.5401 Tromsø,Sykepleier,2024,2413.813907546428
K.5401 Tromsø,Sykepleier,2025,2459.176214934807
K.5401 Tromsø,Sykepleier,2026,2504.5385223232006
K.5401 Tromsø,Sykepleier,2027,2549.9008297115797
K.5401 Tromsø,Sykepleier,2028,2595.263137099959
K.5401 Tromsø,Sykepleier,2029,2640.6254444883525
K.5401 Tromsø,Sykepleier,2030,2685.9877518767316
K.5401 Tromsø,Sykepleier,2031,2731.3500592651108
K.5401 Tromsø,Sykepleier,2032,2776.7123666535044
K.5401 Tromsø,Sykepleier,2033,2822.0746740418836
K.5401 Tromsø,Sykepleier,2034,2867.4369814302627
K.5401 Tromsø,Sykepleier,2035,2912.7992888186564
